{
  "weight": 90,
  "density": 0.4,
  "min_height": 40,

  "generator": {
    "type": "ellipsoid",
    "radius": [15, 17]
  },
  "filler": {
    "type": "simple",
    "value": {
      "type": "weight_random",
      "values": [
        {
          "weight": 60,
          "value": "ore:bauxite"
        },
        {
          "weight": 30,
          "value": "ore:aluminium"
        },
        {
          "weight": 15,
          "value": "ore:ilmenite"
        },
        {
          "weight": 3,
          "value": "ore:rutile"
        }
      ]
    }
  }
}