{
  "weight": 80,
  "density": 0.4,
  "min_height": 180,

  "generator": {
    "type": "ellipsoid",
    "radius": [13, 15]
  },
  "filler": {
    "type": "simple",
    "value": {
      "type": "weight_random",
      "values": [
        {
          "weight": 30,
          "value": "ore:chalcopyrite"
        },
        {
          "weight": 30,
          "value": "ore:vermiculite"
        },
        {
          "weight": 30,
          "value": "ore:cassiterite"
        },
        {
          "weight": 10,
          "value": "ore:alunite"
        }
      ]
    }
  }
}