{
  "weight": 20,
  "density": 0.5,
  "max_height": 50,
  "min_height": 20,

  "generator": {
    "type": "ellipsoid",
    "radius": [14, 13]
  },
  "filler": {
    "type": "simple",
    "value": {
      "type": "weight_random",
      "values": [
        {
          "weight": 30,
          "value": "ore:kyanite"
        },
        {
          "weight": 30,
          "value": "ore:mica"
        },
        {
          "weight": 20,
          "value": "ore:cassiterite"
        },
        {
          "weight": 20,
          "value": "ore:pollucite"
        }
      ]
    }
  }
}