{
  "weight": 40,
  "density": 0.3,
  "max_height": 120,
  "min_height": 50,
  "dimension_filter": [
    "is_nether"
  ],
  "generator": {
    "type": "ellipsoid",
    "radius": [
      14,
      17
    ]
  },
  "filler": {
    "type": "ga_simple",
    "value": {
      "type": "weight_random",
      "values": [
        {
          "weight": 100,
          "value": "ore:silver"
        },
        {
          "weight": 20,
          "value": "ore:poor:precious_metal"
        },
        {
          "weight": 50,
          "value": "ore:precious_metal"
        },
        {
          "weight": 10,
          "value": "ore:rich:precious_metal"
        },
        {
          "weight": 5,
          "value": "ore:pure:precious_metal"
        },
        {
          "weight": 10,
          "value": "ore:poor:gold"
        },
        {
          "weight": 5,
          "value": "ore:gold"
        }
      ]
    }
  }
}