{
  "weight": 40,
  "density": 0.3,
  "max_height": 90,
  "min_height": 40,
  "dimension_filter": ["is_nether"],
  "generator": {
    "type": "ellipsoid",
    "radius": [5, 5]
  },
  "filler": {
    "type": "simple",
    "value": {
      "type": "weight_random",
      "values": [
        {
          "weight": 55,
          "value": "ore:topaz"
        },
        {
          "weight": 40,
          "value": "ore:blue_topaz"
        }
      ,
        {
          "weight": 5,
          "value": "ore:zirkelite"
        }
      ]
    }
  }
}