{
  "weight": 20,
  "density": 0.6,
  "max_height": 50,
  "min_height": 35,
  "dimension_filter": ["name:the_end"],

  "generator": {
    "type": "ellipsoid",
    "radius": [8, 8]
  },
  "filler": {
    "type": "simple",
    "value": {
      "type": "weight_random",
      "values": [
		  {
          "weight": 45,
          "value": "ore:platinum_metallic_powder"
        },
		  {
          "weight": 35,
          "value": "ore:palladium_metallic_powder"
        },
		  {
          "weight": 20,
          "value": "ore:rarest_metal_residue"
        }
      ]
    }
  }
}